context_id,state_id,expected_class,observed_class,match
CTX2-PROP-ID,CTX2-PROP-ID-S0000,TOOLCHAIN_ACCEPT_TARGET_MATCH,TOOLCHAIN_ACCEPT_TARGET_MATCH,True
CTX2-PROP-ID,CTX2-PROP-ID-S0001,TOOLCHAIN_ACCEPT_TARGET_MISMATCH,TOOLCHAIN_ACCEPT_TARGET_MISMATCH,True
CTX2-PROP-ID,CTX2-PROP-ID-S0010,TOOLCHAIN_ACCEPT_POLICY_REJECT,TOOLCHAIN_ACCEPT_POLICY_REJECT,True
CTX2-PROP-ID,CTX2-PROP-ID-S0011,TOOLCHAIN_ACCEPT_POLICY_REJECT,TOOLCHAIN_ACCEPT_POLICY_REJECT,True
CTX2-PROP-ID,CTX2-PROP-ID-S0100,ENVIRONMENT_OR_ELAB_REJECT,ENVIRONMENT_OR_ELAB_REJECT,True
CTX2-PROP-ID,CTX2-PROP-ID-S0101,ENVIRONMENT_OR_ELAB_REJECT,ENVIRONMENT_OR_ELAB_REJECT,True
CTX2-PROP-ID,CTX2-PROP-ID-S0110,ENVIRONMENT_OR_ELAB_REJECT,ENVIRONMENT_OR_ELAB_REJECT,True
CTX2-PROP-ID,CTX2-PROP-ID-S0111,ENVIRONMENT_OR_ELAB_REJECT,ENVIRONMENT_OR_ELAB_REJECT,True
CTX2-PROP-ID,CTX2-PROP-ID-S1000,FRONTEND_REJECT,FRONTEND_REJECT,True
CTX2-PROP-ID,CTX2-PROP-ID-S1001,FRONTEND_REJECT,FRONTEND_REJECT,True
CTX2-PROP-ID,CTX2-PROP-ID-S1010,FRONTEND_REJECT,FRONTEND_REJECT,True
CTX2-PROP-ID,CTX2-PROP-ID-S1011,FRONTEND_REJECT,FRONTEND_REJECT,True
CTX2-PROP-ID,CTX2-PROP-ID-S1100,FRONTEND_REJECT,FRONTEND_REJECT,True
CTX2-PROP-ID,CTX2-PROP-ID-S1101,FRONTEND_REJECT,FRONTEND_REJECT,True
CTX2-PROP-ID,CTX2-PROP-ID-S1110,FRONTEND_REJECT,FRONTEND_REJECT,True
CTX2-PROP-ID,CTX2-PROP-ID-S1111,FRONTEND_REJECT,FRONTEND_REJECT,True
CTX2-EXISTS-NAT,CTX2-EXISTS-NAT-S0000,TOOLCHAIN_ACCEPT_TARGET_MATCH,TOOLCHAIN_ACCEPT_TARGET_MATCH,True
CTX2-EXISTS-NAT,CTX2-EXISTS-NAT-S0001,TOOLCHAIN_ACCEPT_TARGET_MISMATCH,TOOLCHAIN_ACCEPT_TARGET_MISMATCH,True
CTX2-EXISTS-NAT,CTX2-EXISTS-NAT-S0010,TOOLCHAIN_ACCEPT_POLICY_REJECT,TOOLCHAIN_ACCEPT_POLICY_REJECT,True
CTX2-EXISTS-NAT,CTX2-EXISTS-NAT-S0011,TOOLCHAIN_ACCEPT_POLICY_REJECT,TOOLCHAIN_ACCEPT_POLICY_REJECT,True
CTX2-EXISTS-NAT,CTX2-EXISTS-NAT-S0100,ENVIRONMENT_OR_ELAB_REJECT,ENVIRONMENT_OR_ELAB_REJECT,True
CTX2-EXISTS-NAT,CTX2-EXISTS-NAT-S0101,ENVIRONMENT_OR_ELAB_REJECT,ENVIRONMENT_OR_ELAB_REJECT,True
CTX2-EXISTS-NAT,CTX2-EXISTS-NAT-S0110,ENVIRONMENT_OR_ELAB_REJECT,ENVIRONMENT_OR_ELAB_REJECT,True
CTX2-EXISTS-NAT,CTX2-EXISTS-NAT-S0111,ENVIRONMENT_OR_ELAB_REJECT,ENVIRONMENT_OR_ELAB_REJECT,True
CTX2-EXISTS-NAT,CTX2-EXISTS-NAT-S1000,FRONTEND_REJECT,FRONTEND_REJECT,True
CTX2-EXISTS-NAT,CTX2-EXISTS-NAT-S1001,FRONTEND_REJECT,FRONTEND_REJECT,True
CTX2-EXISTS-NAT,CTX2-EXISTS-NAT-S1010,FRONTEND_REJECT,FRONTEND_REJECT,True
CTX2-EXISTS-NAT,CTX2-EXISTS-NAT-S1011,FRONTEND_REJECT,FRONTEND_REJECT,True
CTX2-EXISTS-NAT,CTX2-EXISTS-NAT-S1100,FRONTEND_REJECT,FRONTEND_REJECT,True
CTX2-EXISTS-NAT,CTX2-EXISTS-NAT-S1101,FRONTEND_REJECT,FRONTEND_REJECT,True
CTX2-EXISTS-NAT,CTX2-EXISTS-NAT-S1110,FRONTEND_REJECT,FRONTEND_REJECT,True
CTX2-EXISTS-NAT,CTX2-EXISTS-NAT-S1111,FRONTEND_REJECT,FRONTEND_REJECT,True
CTX2-CONJ-REFLEX,CTX2-CONJ-REFLEX-S0000,TOOLCHAIN_ACCEPT_TARGET_MATCH,TOOLCHAIN_ACCEPT_TARGET_MATCH,True
CTX2-CONJ-REFLEX,CTX2-CONJ-REFLEX-S0001,TOOLCHAIN_ACCEPT_TARGET_MISMATCH,TOOLCHAIN_ACCEPT_TARGET_MISMATCH,True
CTX2-CONJ-REFLEX,CTX2-CONJ-REFLEX-S0010,TOOLCHAIN_ACCEPT_POLICY_REJECT,TOOLCHAIN_ACCEPT_POLICY_REJECT,True
CTX2-CONJ-REFLEX,CTX2-CONJ-REFLEX-S0011,TOOLCHAIN_ACCEPT_POLICY_REJECT,TOOLCHAIN_ACCEPT_POLICY_REJECT,True
CTX2-CONJ-REFLEX,CTX2-CONJ-REFLEX-S0100,ENVIRONMENT_OR_ELAB_REJECT,ENVIRONMENT_OR_ELAB_REJECT,True
CTX2-CONJ-REFLEX,CTX2-CONJ-REFLEX-S0101,ENVIRONMENT_OR_ELAB_REJECT,ENVIRONMENT_OR_ELAB_REJECT,True
CTX2-CONJ-REFLEX,CTX2-CONJ-REFLEX-S0110,ENVIRONMENT_OR_ELAB_REJECT,ENVIRONMENT_OR_ELAB_REJECT,True
CTX2-CONJ-REFLEX,CTX2-CONJ-REFLEX-S0111,ENVIRONMENT_OR_ELAB_REJECT,ENVIRONMENT_OR_ELAB_REJECT,True
CTX2-CONJ-REFLEX,CTX2-CONJ-REFLEX-S1000,FRONTEND_REJECT,FRONTEND_REJECT,True
CTX2-CONJ-REFLEX,CTX2-CONJ-REFLEX-S1001,FRONTEND_REJECT,FRONTEND_REJECT,True
CTX2-CONJ-REFLEX,CTX2-CONJ-REFLEX-S1010,FRONTEND_REJECT,FRONTEND_REJECT,True
CTX2-CONJ-REFLEX,CTX2-CONJ-REFLEX-S1011,FRONTEND_REJECT,FRONTEND_REJECT,True
CTX2-CONJ-REFLEX,CTX2-CONJ-REFLEX-S1100,FRONTEND_REJECT,FRONTEND_REJECT,True
CTX2-CONJ-REFLEX,CTX2-CONJ-REFLEX-S1101,FRONTEND_REJECT,FRONTEND_REJECT,True
CTX2-CONJ-REFLEX,CTX2-CONJ-REFLEX-S1110,FRONTEND_REJECT,FRONTEND_REJECT,True
CTX2-CONJ-REFLEX,CTX2-CONJ-REFLEX-S1111,FRONTEND_REJECT,FRONTEND_REJECT,True
