pair_id,from,to,removed,from_class,to_class,expected_change,observed_change,match
SC-SYNTAX,SC-SYNTAX-A,SC-SYNTAX-CLEAN,a,FRONTEND_REJECT,TOOLCHAIN_ACCEPT_TARGET_MATCH,True,True,True
SC-SYNTAX,SC-SYNTAX-B,SC-SYNTAX-CLEAN,b,FRONTEND_REJECT,TOOLCHAIN_ACCEPT_TARGET_MATCH,True,True,True
SC-SYNTAX,SC-SYNTAX-AB,SC-SYNTAX-B,a,FRONTEND_REJECT,FRONTEND_REJECT,False,False,True
SC-SYNTAX,SC-SYNTAX-AB,SC-SYNTAX-A,b,FRONTEND_REJECT,FRONTEND_REJECT,False,False,True
SC-ELAB,SC-ELAB-A,SC-ELAB-CLEAN,a,UNKNOWN,TOOLCHAIN_ACCEPT_TARGET_MATCH,True,True,True
SC-ELAB,SC-ELAB-B,SC-ELAB-CLEAN,b,ENVIRONMENT_OR_ELAB_REJECT,TOOLCHAIN_ACCEPT_TARGET_MATCH,True,True,True
SC-ELAB,SC-ELAB-AB,SC-ELAB-B,a,ENVIRONMENT_OR_ELAB_REJECT,ENVIRONMENT_OR_ELAB_REJECT,False,False,True
SC-ELAB,SC-ELAB-AB,SC-ELAB-A,b,ENVIRONMENT_OR_ELAB_REJECT,UNKNOWN,False,True,False
SC-POLICY,SC-POLICY-A,SC-POLICY-CLEAN,a,TOOLCHAIN_ACCEPT_POLICY_REJECT,TOOLCHAIN_ACCEPT_TARGET_MATCH,True,True,True
SC-POLICY,SC-POLICY-B,SC-POLICY-CLEAN,b,TOOLCHAIN_ACCEPT_POLICY_REJECT,TOOLCHAIN_ACCEPT_TARGET_MATCH,True,True,True
SC-POLICY,SC-POLICY-AB,SC-POLICY-B,a,TOOLCHAIN_ACCEPT_POLICY_REJECT,TOOLCHAIN_ACCEPT_POLICY_REJECT,False,False,True
SC-POLICY,SC-POLICY-AB,SC-POLICY-A,b,TOOLCHAIN_ACCEPT_POLICY_REJECT,TOOLCHAIN_ACCEPT_POLICY_REJECT,False,False,True
