pair_id,case_id,expected_class,observed_class,match,candidate_error_marker_count
SC-SYNTAX,SC-SYNTAX-A,FRONTEND_REJECT,FRONTEND_REJECT,True,1
SC-SYNTAX,SC-SYNTAX-AB,FRONTEND_REJECT,FRONTEND_REJECT,True,2
SC-SYNTAX,SC-SYNTAX-B,FRONTEND_REJECT,FRONTEND_REJECT,True,1
SC-SYNTAX,SC-SYNTAX-CLEAN,TOOLCHAIN_ACCEPT_TARGET_MATCH,TOOLCHAIN_ACCEPT_TARGET_MATCH,True,0
SC-ELAB,SC-ELAB-A,ENVIRONMENT_OR_ELAB_REJECT,UNKNOWN,False,1
SC-ELAB,SC-ELAB-AB,ENVIRONMENT_OR_ELAB_REJECT,ENVIRONMENT_OR_ELAB_REJECT,True,3
SC-ELAB,SC-ELAB-B,ENVIRONMENT_OR_ELAB_REJECT,ENVIRONMENT_OR_ELAB_REJECT,True,2
SC-ELAB,SC-ELAB-CLEAN,TOOLCHAIN_ACCEPT_TARGET_MATCH,TOOLCHAIN_ACCEPT_TARGET_MATCH,True,0
SC-POLICY,SC-POLICY-A,TOOLCHAIN_ACCEPT_POLICY_REJECT,TOOLCHAIN_ACCEPT_POLICY_REJECT,True,0
SC-POLICY,SC-POLICY-AB,TOOLCHAIN_ACCEPT_POLICY_REJECT,TOOLCHAIN_ACCEPT_POLICY_REJECT,True,0
SC-POLICY,SC-POLICY-B,TOOLCHAIN_ACCEPT_POLICY_REJECT,TOOLCHAIN_ACCEPT_POLICY_REJECT,True,0
SC-POLICY,SC-POLICY-CLEAN,TOOLCHAIN_ACCEPT_TARGET_MATCH,TOOLCHAIN_ACCEPT_TARGET_MATCH,True,0
