edge_id,baseline_case_id,repair_mechanism,before_class,after_class,operational_class_preserved,normalized_feedback_identical,changed_fields
ND2-07-SOURCE_CORRUPTION+PROHIBITED_PLACEHOLDER__FIX__PROHIBITED_PLACEHOLDER,ND2-07-SOURCE_CORRUPTION+PROHIBITED_PLACEHOLDER,PROHIBITED_PLACEHOLDER,FRONTEND_REJECT,FRONTEND_REJECT,True,False,candidate.stdout
ND2-08-SOURCE_CORRUPTION+INVALID_PROOF__FIX__INVALID_PROOF,ND2-08-SOURCE_CORRUPTION+INVALID_PROOF,INVALID_PROOF,FRONTEND_REJECT,FRONTEND_REJECT,True,True,
ND2-09-SOURCE_CORRUPTION+WRONG_TARGET__FIX__WRONG_TARGET,ND2-09-SOURCE_CORRUPTION+WRONG_TARGET,WRONG_TARGET,FRONTEND_REJECT,FRONTEND_REJECT,True,True,
ND2-13-PROHIBITED_PLACEHOLDER+INVALID_PROOF__FIX__PROHIBITED_PLACEHOLDER,ND2-13-PROHIBITED_PLACEHOLDER+INVALID_PROOF,PROHIBITED_PLACEHOLDER,ENVIRONMENT_OR_ELAB_REJECT,ENVIRONMENT_OR_ELAB_REJECT,True,False,candidate.stdout
ND2-14-PROHIBITED_PLACEHOLDER+WRONG_TARGET__FIX__WRONG_TARGET,ND2-14-PROHIBITED_PLACEHOLDER+WRONG_TARGET,WRONG_TARGET,TOOLCHAIN_ACCEPT_POLICY_REJECT,TOOLCHAIN_ACCEPT_POLICY_REJECT,True,False,candidate.stdout+declaration_probe.stdout+target_probe.returncode+target_probe.stdout
ND2-15-INVALID_PROOF+WRONG_TARGET__FIX__WRONG_TARGET,ND2-15-INVALID_PROOF+WRONG_TARGET,WRONG_TARGET,ENVIRONMENT_OR_ELAB_REJECT,ENVIRONMENT_OR_ELAB_REJECT,True,False,candidate.stdout
ND2-16-SOURCE_CORRUPTION+UNKNOWN_TYPE+PROHIBITED_PLACEHOLDER__FIX__PROHIBITED_PLACEHOLDER,ND2-16-SOURCE_CORRUPTION+UNKNOWN_TYPE+PROHIBITED_PLACEHOLDER,PROHIBITED_PLACEHOLDER,FRONTEND_REJECT,FRONTEND_REJECT,True,False,candidate.stdout
ND2-17-SOURCE_CORRUPTION+UNKNOWN_TYPE+INVALID_PROOF__FIX__INVALID_PROOF,ND2-17-SOURCE_CORRUPTION+UNKNOWN_TYPE+INVALID_PROOF,INVALID_PROOF,FRONTEND_REJECT,FRONTEND_REJECT,True,True,
ND2-18-SOURCE_CORRUPTION+UNKNOWN_TYPE+WRONG_TARGET__FIX__WRONG_TARGET,ND2-18-SOURCE_CORRUPTION+UNKNOWN_TYPE+WRONG_TARGET,WRONG_TARGET,FRONTEND_REJECT,FRONTEND_REJECT,True,True,
ND2-19-SOURCE_CORRUPTION+PROHIBITED_PLACEHOLDER+INVALID_PROOF__FIX__PROHIBITED_PLACEHOLDER,ND2-19-SOURCE_CORRUPTION+PROHIBITED_PLACEHOLDER+INVALID_PROOF,PROHIBITED_PLACEHOLDER,FRONTEND_REJECT,FRONTEND_REJECT,True,False,candidate.stdout
ND2-19-SOURCE_CORRUPTION+PROHIBITED_PLACEHOLDER+INVALID_PROOF__FIX__INVALID_PROOF,ND2-19-SOURCE_CORRUPTION+PROHIBITED_PLACEHOLDER+INVALID_PROOF,INVALID_PROOF,FRONTEND_REJECT,FRONTEND_REJECT,True,True,
ND2-20-SOURCE_CORRUPTION+PROHIBITED_PLACEHOLDER+WRONG_TARGET__FIX__PROHIBITED_PLACEHOLDER,ND2-20-SOURCE_CORRUPTION+PROHIBITED_PLACEHOLDER+WRONG_TARGET,PROHIBITED_PLACEHOLDER,FRONTEND_REJECT,FRONTEND_REJECT,True,False,candidate.stdout
ND2-20-SOURCE_CORRUPTION+PROHIBITED_PLACEHOLDER+WRONG_TARGET__FIX__WRONG_TARGET,ND2-20-SOURCE_CORRUPTION+PROHIBITED_PLACEHOLDER+WRONG_TARGET,WRONG_TARGET,FRONTEND_REJECT,FRONTEND_REJECT,True,True,
ND2-21-SOURCE_CORRUPTION+INVALID_PROOF+WRONG_TARGET__FIX__INVALID_PROOF,ND2-21-SOURCE_CORRUPTION+INVALID_PROOF+WRONG_TARGET,INVALID_PROOF,FRONTEND_REJECT,FRONTEND_REJECT,True,True,
ND2-21-SOURCE_CORRUPTION+INVALID_PROOF+WRONG_TARGET__FIX__WRONG_TARGET,ND2-21-SOURCE_CORRUPTION+INVALID_PROOF+WRONG_TARGET,WRONG_TARGET,FRONTEND_REJECT,FRONTEND_REJECT,True,True,
ND2-22-UNKNOWN_TYPE+PROHIBITED_PLACEHOLDER+INVALID_PROOF__FIX__PROHIBITED_PLACEHOLDER,ND2-22-UNKNOWN_TYPE+PROHIBITED_PLACEHOLDER+INVALID_PROOF,PROHIBITED_PLACEHOLDER,ENVIRONMENT_OR_ELAB_REJECT,ENVIRONMENT_OR_ELAB_REJECT,True,False,candidate.stdout
ND2-23-UNKNOWN_TYPE+PROHIBITED_PLACEHOLDER+WRONG_TARGET__FIX__WRONG_TARGET,ND2-23-UNKNOWN_TYPE+PROHIBITED_PLACEHOLDER+WRONG_TARGET,WRONG_TARGET,TOOLCHAIN_ACCEPT_POLICY_REJECT,TOOLCHAIN_ACCEPT_POLICY_REJECT,True,False,candidate.stdout+declaration_probe.stdout+target_probe.returncode+target_probe.stdout
ND2-24-UNKNOWN_TYPE+INVALID_PROOF+WRONG_TARGET__FIX__WRONG_TARGET,ND2-24-UNKNOWN_TYPE+INVALID_PROOF+WRONG_TARGET,WRONG_TARGET,ENVIRONMENT_OR_ELAB_REJECT,ENVIRONMENT_OR_ELAB_REJECT,True,False,candidate.stdout
ND2-25-PROHIBITED_PLACEHOLDER+INVALID_PROOF+WRONG_TARGET__FIX__PROHIBITED_PLACEHOLDER,ND2-25-PROHIBITED_PLACEHOLDER+INVALID_PROOF+WRONG_TARGET,PROHIBITED_PLACEHOLDER,ENVIRONMENT_OR_ELAB_REJECT,ENVIRONMENT_OR_ELAB_REJECT,True,False,candidate.stdout
ND2-25-PROHIBITED_PLACEHOLDER+INVALID_PROOF+WRONG_TARGET__FIX__WRONG_TARGET,ND2-25-PROHIBITED_PLACEHOLDER+INVALID_PROOF+WRONG_TARGET,WRONG_TARGET,ENVIRONMENT_OR_ELAB_REJECT,ENVIRONMENT_OR_ELAB_REJECT,True,False,candidate.stdout
ND2-26-SOURCE_CORRUPTION+UNKNOWN_TYPE+PROHIBITED_PLACEHOLDER+INVALID_PROOF__FIX__PROHIBITED_PLACEHOLDER,ND2-26-SOURCE_CORRUPTION+UNKNOWN_TYPE+PROHIBITED_PLACEHOLDER+INVALID_PROOF,PROHIBITED_PLACEHOLDER,FRONTEND_REJECT,FRONTEND_REJECT,True,False,candidate.stdout
ND2-26-SOURCE_CORRUPTION+UNKNOWN_TYPE+PROHIBITED_PLACEHOLDER+INVALID_PROOF__FIX__INVALID_PROOF,ND2-26-SOURCE_CORRUPTION+UNKNOWN_TYPE+PROHIBITED_PLACEHOLDER+INVALID_PROOF,INVALID_PROOF,FRONTEND_REJECT,FRONTEND_REJECT,True,True,
ND2-27-SOURCE_CORRUPTION+UNKNOWN_TYPE+PROHIBITED_PLACEHOLDER+WRONG_TARGET__FIX__PROHIBITED_PLACEHOLDER,ND2-27-SOURCE_CORRUPTION+UNKNOWN_TYPE+PROHIBITED_PLACEHOLDER+WRONG_TARGET,PROHIBITED_PLACEHOLDER,FRONTEND_REJECT,FRONTEND_REJECT,True,False,candidate.stdout
ND2-27-SOURCE_CORRUPTION+UNKNOWN_TYPE+PROHIBITED_PLACEHOLDER+WRONG_TARGET__FIX__WRONG_TARGET,ND2-27-SOURCE_CORRUPTION+UNKNOWN_TYPE+PROHIBITED_PLACEHOLDER+WRONG_TARGET,WRONG_TARGET,FRONTEND_REJECT,FRONTEND_REJECT,True,True,
ND2-28-SOURCE_CORRUPTION+UNKNOWN_TYPE+INVALID_PROOF+WRONG_TARGET__FIX__INVALID_PROOF,ND2-28-SOURCE_CORRUPTION+UNKNOWN_TYPE+INVALID_PROOF+WRONG_TARGET,INVALID_PROOF,FRONTEND_REJECT,FRONTEND_REJECT,True,True,
ND2-28-SOURCE_CORRUPTION+UNKNOWN_TYPE+INVALID_PROOF+WRONG_TARGET__FIX__WRONG_TARGET,ND2-28-SOURCE_CORRUPTION+UNKNOWN_TYPE+INVALID_PROOF+WRONG_TARGET,WRONG_TARGET,FRONTEND_REJECT,FRONTEND_REJECT,True,True,
ND2-29-SOURCE_CORRUPTION+PROHIBITED_PLACEHOLDER+INVALID_PROOF+WRONG_TARGET__FIX__PROHIBITED_PLACEHOLDER,ND2-29-SOURCE_CORRUPTION+PROHIBITED_PLACEHOLDER+INVALID_PROOF+WRONG_TARGET,PROHIBITED_PLACEHOLDER,FRONTEND_REJECT,FRONTEND_REJECT,True,False,candidate.stdout
ND2-29-SOURCE_CORRUPTION+PROHIBITED_PLACEHOLDER+INVALID_PROOF+WRONG_TARGET__FIX__INVALID_PROOF,ND2-29-SOURCE_CORRUPTION+PROHIBITED_PLACEHOLDER+INVALID_PROOF+WRONG_TARGET,INVALID_PROOF,FRONTEND_REJECT,FRONTEND_REJECT,True,True,
ND2-29-SOURCE_CORRUPTION+PROHIBITED_PLACEHOLDER+INVALID_PROOF+WRONG_TARGET__FIX__WRONG_TARGET,ND2-29-SOURCE_CORRUPTION+PROHIBITED_PLACEHOLDER+INVALID_PROOF+WRONG_TARGET,WRONG_TARGET,FRONTEND_REJECT,FRONTEND_REJECT,True,True,
ND2-30-UNKNOWN_TYPE+PROHIBITED_PLACEHOLDER+INVALID_PROOF+WRONG_TARGET__FIX__PROHIBITED_PLACEHOLDER,ND2-30-UNKNOWN_TYPE+PROHIBITED_PLACEHOLDER+INVALID_PROOF+WRONG_TARGET,PROHIBITED_PLACEHOLDER,ENVIRONMENT_OR_ELAB_REJECT,ENVIRONMENT_OR_ELAB_REJECT,True,False,candidate.stdout
ND2-30-UNKNOWN_TYPE+PROHIBITED_PLACEHOLDER+INVALID_PROOF+WRONG_TARGET__FIX__WRONG_TARGET,ND2-30-UNKNOWN_TYPE+PROHIBITED_PLACEHOLDER+INVALID_PROOF+WRONG_TARGET,WRONG_TARGET,ENVIRONMENT_OR_ELAB_REJECT,ENVIRONMENT_OR_ELAB_REJECT,True,False,candidate.stdout
ND2-31-SOURCE_CORRUPTION+UNKNOWN_TYPE+PROHIBITED_PLACEHOLDER+INVALID_PROOF+WRONG_TARGET__FIX__PROHIBITED_PLACEHOLDER,ND2-31-SOURCE_CORRUPTION+UNKNOWN_TYPE+PROHIBITED_PLACEHOLDER+INVALID_PROOF+WRONG_TARGET,PROHIBITED_PLACEHOLDER,FRONTEND_REJECT,FRONTEND_REJECT,True,False,candidate.stdout
ND2-31-SOURCE_CORRUPTION+UNKNOWN_TYPE+PROHIBITED_PLACEHOLDER+INVALID_PROOF+WRONG_TARGET__FIX__INVALID_PROOF,ND2-31-SOURCE_CORRUPTION+UNKNOWN_TYPE+PROHIBITED_PLACEHOLDER+INVALID_PROOF+WRONG_TARGET,INVALID_PROOF,FRONTEND_REJECT,FRONTEND_REJECT,True,True,
ND2-31-SOURCE_CORRUPTION+UNKNOWN_TYPE+PROHIBITED_PLACEHOLDER+INVALID_PROOF+WRONG_TARGET__FIX__WRONG_TARGET,ND2-31-SOURCE_CORRUPTION+UNKNOWN_TYPE+PROHIBITED_PLACEHOLDER+INVALID_PROOF+WRONG_TARGET,WRONG_TARGET,FRONTEND_REJECT,FRONTEND_REJECT,True,True,
