context_id,edge_id,from_state_id,to_state_id,removed_mechanism,expected_from_class,observed_from_class,expected_to_class,observed_edge_class,destination_state_class,edge_class_match,independent_rerun_match,expected_change,observed_change,movement_match
CTX-PROP-ID,CTX-PROP-ID-S0001__FIX__WRONG_TARGET,CTX-PROP-ID-S0001,CTX-PROP-ID-S0000,WRONG_TARGET,TOOLCHAIN_ACCEPT_TARGET_MISMATCH,TOOLCHAIN_ACCEPT_TARGET_MISMATCH,TOOLCHAIN_ACCEPT_TARGET_MATCH,TOOLCHAIN_ACCEPT_TARGET_MATCH,TOOLCHAIN_ACCEPT_TARGET_MATCH,True,True,True,True,True
CTX-PROP-ID,CTX-PROP-ID-S0010__FIX__PROHIBITED_PLACEHOLDER,CTX-PROP-ID-S0010,CTX-PROP-ID-S0000,PROHIBITED_PLACEHOLDER,TOOLCHAIN_ACCEPT_POLICY_REJECT,TOOLCHAIN_ACCEPT_POLICY_REJECT,TOOLCHAIN_ACCEPT_TARGET_MATCH,TOOLCHAIN_ACCEPT_TARGET_MATCH,TOOLCHAIN_ACCEPT_TARGET_MATCH,True,True,True,True,True
CTX-PROP-ID,CTX-PROP-ID-S0011__FIX__PROHIBITED_PLACEHOLDER,CTX-PROP-ID-S0011,CTX-PROP-ID-S0001,PROHIBITED_PLACEHOLDER,TOOLCHAIN_ACCEPT_POLICY_REJECT,TOOLCHAIN_ACCEPT_POLICY_REJECT,TOOLCHAIN_ACCEPT_TARGET_MISMATCH,TOOLCHAIN_ACCEPT_TARGET_MISMATCH,TOOLCHAIN_ACCEPT_TARGET_MISMATCH,True,True,True,True,True
CTX-PROP-ID,CTX-PROP-ID-S0011__FIX__WRONG_TARGET,CTX-PROP-ID-S0011,CTX-PROP-ID-S0010,WRONG_TARGET,TOOLCHAIN_ACCEPT_POLICY_REJECT,TOOLCHAIN_ACCEPT_POLICY_REJECT,TOOLCHAIN_ACCEPT_POLICY_REJECT,TOOLCHAIN_ACCEPT_POLICY_REJECT,TOOLCHAIN_ACCEPT_POLICY_REJECT,True,True,False,False,True
CTX-PROP-ID,CTX-PROP-ID-S0100__FIX__INVALID_PROOF,CTX-PROP-ID-S0100,CTX-PROP-ID-S0000,INVALID_PROOF,ENVIRONMENT_OR_ELAB_REJECT,ENVIRONMENT_OR_ELAB_REJECT,TOOLCHAIN_ACCEPT_TARGET_MATCH,TOOLCHAIN_ACCEPT_TARGET_MATCH,TOOLCHAIN_ACCEPT_TARGET_MATCH,True,True,True,True,True
CTX-PROP-ID,CTX-PROP-ID-S0101__FIX__INVALID_PROOF,CTX-PROP-ID-S0101,CTX-PROP-ID-S0001,INVALID_PROOF,ENVIRONMENT_OR_ELAB_REJECT,ENVIRONMENT_OR_ELAB_REJECT,TOOLCHAIN_ACCEPT_TARGET_MISMATCH,TOOLCHAIN_ACCEPT_TARGET_MISMATCH,TOOLCHAIN_ACCEPT_TARGET_MISMATCH,True,True,True,True,True
CTX-PROP-ID,CTX-PROP-ID-S0101__FIX__WRONG_TARGET,CTX-PROP-ID-S0101,CTX-PROP-ID-S0100,WRONG_TARGET,ENVIRONMENT_OR_ELAB_REJECT,ENVIRONMENT_OR_ELAB_REJECT,ENVIRONMENT_OR_ELAB_REJECT,ENVIRONMENT_OR_ELAB_REJECT,ENVIRONMENT_OR_ELAB_REJECT,True,True,False,False,True
CTX-PROP-ID,CTX-PROP-ID-S0110__FIX__INVALID_PROOF,CTX-PROP-ID-S0110,CTX-PROP-ID-S0010,INVALID_PROOF,ENVIRONMENT_OR_ELAB_REJECT,ENVIRONMENT_OR_ELAB_REJECT,TOOLCHAIN_ACCEPT_POLICY_REJECT,TOOLCHAIN_ACCEPT_POLICY_REJECT,TOOLCHAIN_ACCEPT_POLICY_REJECT,True,True,True,True,True
CTX-PROP-ID,CTX-PROP-ID-S0110__FIX__PROHIBITED_PLACEHOLDER,CTX-PROP-ID-S0110,CTX-PROP-ID-S0100,PROHIBITED_PLACEHOLDER,ENVIRONMENT_OR_ELAB_REJECT,ENVIRONMENT_OR_ELAB_REJECT,ENVIRONMENT_OR_ELAB_REJECT,ENVIRONMENT_OR_ELAB_REJECT,ENVIRONMENT_OR_ELAB_REJECT,True,True,False,False,True
CTX-PROP-ID,CTX-PROP-ID-S0111__FIX__INVALID_PROOF,CTX-PROP-ID-S0111,CTX-PROP-ID-S0011,INVALID_PROOF,ENVIRONMENT_OR_ELAB_REJECT,ENVIRONMENT_OR_ELAB_REJECT,TOOLCHAIN_ACCEPT_POLICY_REJECT,TOOLCHAIN_ACCEPT_POLICY_REJECT,TOOLCHAIN_ACCEPT_POLICY_REJECT,True,True,True,True,True
CTX-PROP-ID,CTX-PROP-ID-S0111__FIX__PROHIBITED_PLACEHOLDER,CTX-PROP-ID-S0111,CTX-PROP-ID-S0101,PROHIBITED_PLACEHOLDER,ENVIRONMENT_OR_ELAB_REJECT,ENVIRONMENT_OR_ELAB_REJECT,ENVIRONMENT_OR_ELAB_REJECT,ENVIRONMENT_OR_ELAB_REJECT,ENVIRONMENT_OR_ELAB_REJECT,True,True,False,False,True
CTX-PROP-ID,CTX-PROP-ID-S0111__FIX__WRONG_TARGET,CTX-PROP-ID-S0111,CTX-PROP-ID-S0110,WRONG_TARGET,ENVIRONMENT_OR_ELAB_REJECT,ENVIRONMENT_OR_ELAB_REJECT,ENVIRONMENT_OR_ELAB_REJECT,ENVIRONMENT_OR_ELAB_REJECT,ENVIRONMENT_OR_ELAB_REJECT,True,True,False,False,True
CTX-PROP-ID,CTX-PROP-ID-S1000__FIX__SOURCE_CORRUPTION,CTX-PROP-ID-S1000,CTX-PROP-ID-S0000,SOURCE_CORRUPTION,FRONTEND_REJECT,FRONTEND_REJECT,TOOLCHAIN_ACCEPT_TARGET_MATCH,TOOLCHAIN_ACCEPT_TARGET_MATCH,TOOLCHAIN_ACCEPT_TARGET_MATCH,True,True,True,True,True
CTX-PROP-ID,CTX-PROP-ID-S1001__FIX__SOURCE_CORRUPTION,CTX-PROP-ID-S1001,CTX-PROP-ID-S0001,SOURCE_CORRUPTION,FRONTEND_REJECT,FRONTEND_REJECT,TOOLCHAIN_ACCEPT_TARGET_MISMATCH,TOOLCHAIN_ACCEPT_TARGET_MISMATCH,TOOLCHAIN_ACCEPT_TARGET_MISMATCH,True,True,True,True,True
CTX-PROP-ID,CTX-PROP-ID-S1001__FIX__WRONG_TARGET,CTX-PROP-ID-S1001,CTX-PROP-ID-S1000,WRONG_TARGET,FRONTEND_REJECT,FRONTEND_REJECT,FRONTEND_REJECT,FRONTEND_REJECT,FRONTEND_REJECT,True,True,False,False,True
CTX-PROP-ID,CTX-PROP-ID-S1010__FIX__SOURCE_CORRUPTION,CTX-PROP-ID-S1010,CTX-PROP-ID-S0010,SOURCE_CORRUPTION,FRONTEND_REJECT,FRONTEND_REJECT,TOOLCHAIN_ACCEPT_POLICY_REJECT,TOOLCHAIN_ACCEPT_POLICY_REJECT,TOOLCHAIN_ACCEPT_POLICY_REJECT,True,True,True,True,True
CTX-PROP-ID,CTX-PROP-ID-S1010__FIX__PROHIBITED_PLACEHOLDER,CTX-PROP-ID-S1010,CTX-PROP-ID-S1000,PROHIBITED_PLACEHOLDER,FRONTEND_REJECT,FRONTEND_REJECT,FRONTEND_REJECT,FRONTEND_REJECT,FRONTEND_REJECT,True,True,False,False,True
CTX-PROP-ID,CTX-PROP-ID-S1011__FIX__SOURCE_CORRUPTION,CTX-PROP-ID-S1011,CTX-PROP-ID-S0011,SOURCE_CORRUPTION,FRONTEND_REJECT,FRONTEND_REJECT,TOOLCHAIN_ACCEPT_POLICY_REJECT,TOOLCHAIN_ACCEPT_POLICY_REJECT,TOOLCHAIN_ACCEPT_POLICY_REJECT,True,True,True,True,True
CTX-PROP-ID,CTX-PROP-ID-S1011__FIX__PROHIBITED_PLACEHOLDER,CTX-PROP-ID-S1011,CTX-PROP-ID-S1001,PROHIBITED_PLACEHOLDER,FRONTEND_REJECT,FRONTEND_REJECT,FRONTEND_REJECT,FRONTEND_REJECT,FRONTEND_REJECT,True,True,False,False,True
CTX-PROP-ID,CTX-PROP-ID-S1011__FIX__WRONG_TARGET,CTX-PROP-ID-S1011,CTX-PROP-ID-S1010,WRONG_TARGET,FRONTEND_REJECT,FRONTEND_REJECT,FRONTEND_REJECT,FRONTEND_REJECT,FRONTEND_REJECT,True,True,False,False,True
CTX-PROP-ID,CTX-PROP-ID-S1100__FIX__SOURCE_CORRUPTION,CTX-PROP-ID-S1100,CTX-PROP-ID-S0100,SOURCE_CORRUPTION,FRONTEND_REJECT,FRONTEND_REJECT,ENVIRONMENT_OR_ELAB_REJECT,ENVIRONMENT_OR_ELAB_REJECT,ENVIRONMENT_OR_ELAB_REJECT,True,True,True,True,True
CTX-PROP-ID,CTX-PROP-ID-S1100__FIX__INVALID_PROOF,CTX-PROP-ID-S1100,CTX-PROP-ID-S1000,INVALID_PROOF,FRONTEND_REJECT,FRONTEND_REJECT,FRONTEND_REJECT,FRONTEND_REJECT,FRONTEND_REJECT,True,True,False,False,True
CTX-PROP-ID,CTX-PROP-ID-S1101__FIX__SOURCE_CORRUPTION,CTX-PROP-ID-S1101,CTX-PROP-ID-S0101,SOURCE_CORRUPTION,FRONTEND_REJECT,FRONTEND_REJECT,ENVIRONMENT_OR_ELAB_REJECT,ENVIRONMENT_OR_ELAB_REJECT,ENVIRONMENT_OR_ELAB_REJECT,True,True,True,True,True
CTX-PROP-ID,CTX-PROP-ID-S1101__FIX__INVALID_PROOF,CTX-PROP-ID-S1101,CTX-PROP-ID-S1001,INVALID_PROOF,FRONTEND_REJECT,FRONTEND_REJECT,FRONTEND_REJECT,FRONTEND_REJECT,FRONTEND_REJECT,True,True,False,False,True
CTX-PROP-ID,CTX-PROP-ID-S1101__FIX__WRONG_TARGET,CTX-PROP-ID-S1101,CTX-PROP-ID-S1100,WRONG_TARGET,FRONTEND_REJECT,FRONTEND_REJECT,FRONTEND_REJECT,FRONTEND_REJECT,FRONTEND_REJECT,True,True,False,False,True
CTX-PROP-ID,CTX-PROP-ID-S1110__FIX__SOURCE_CORRUPTION,CTX-PROP-ID-S1110,CTX-PROP-ID-S0110,SOURCE_CORRUPTION,FRONTEND_REJECT,FRONTEND_REJECT,ENVIRONMENT_OR_ELAB_REJECT,ENVIRONMENT_OR_ELAB_REJECT,ENVIRONMENT_OR_ELAB_REJECT,True,True,True,True,True
CTX-PROP-ID,CTX-PROP-ID-S1110__FIX__INVALID_PROOF,CTX-PROP-ID-S1110,CTX-PROP-ID-S1010,INVALID_PROOF,FRONTEND_REJECT,FRONTEND_REJECT,FRONTEND_REJECT,FRONTEND_REJECT,FRONTEND_REJECT,True,True,False,False,True
CTX-PROP-ID,CTX-PROP-ID-S1110__FIX__PROHIBITED_PLACEHOLDER,CTX-PROP-ID-S1110,CTX-PROP-ID-S1100,PROHIBITED_PLACEHOLDER,FRONTEND_REJECT,FRONTEND_REJECT,FRONTEND_REJECT,FRONTEND_REJECT,FRONTEND_REJECT,True,True,False,False,True
CTX-PROP-ID,CTX-PROP-ID-S1111__FIX__SOURCE_CORRUPTION,CTX-PROP-ID-S1111,CTX-PROP-ID-S0111,SOURCE_CORRUPTION,FRONTEND_REJECT,FRONTEND_REJECT,ENVIRONMENT_OR_ELAB_REJECT,ENVIRONMENT_OR_ELAB_REJECT,ENVIRONMENT_OR_ELAB_REJECT,True,True,True,True,True
CTX-PROP-ID,CTX-PROP-ID-S1111__FIX__INVALID_PROOF,CTX-PROP-ID-S1111,CTX-PROP-ID-S1011,INVALID_PROOF,FRONTEND_REJECT,FRONTEND_REJECT,FRONTEND_REJECT,FRONTEND_REJECT,FRONTEND_REJECT,True,True,False,False,True
CTX-PROP-ID,CTX-PROP-ID-S1111__FIX__PROHIBITED_PLACEHOLDER,CTX-PROP-ID-S1111,CTX-PROP-ID-S1101,PROHIBITED_PLACEHOLDER,FRONTEND_REJECT,FRONTEND_REJECT,FRONTEND_REJECT,FRONTEND_REJECT,FRONTEND_REJECT,True,True,False,False,True
CTX-PROP-ID,CTX-PROP-ID-S1111__FIX__WRONG_TARGET,CTX-PROP-ID-S1111,CTX-PROP-ID-S1110,WRONG_TARGET,FRONTEND_REJECT,FRONTEND_REJECT,FRONTEND_REJECT,FRONTEND_REJECT,FRONTEND_REJECT,True,True,False,False,True
CTX-EXISTS-NAT,CTX-EXISTS-NAT-S0001__FIX__WRONG_TARGET,CTX-EXISTS-NAT-S0001,CTX-EXISTS-NAT-S0000,WRONG_TARGET,TOOLCHAIN_ACCEPT_TARGET_MISMATCH,TOOLCHAIN_ACCEPT_TARGET_MISMATCH,TOOLCHAIN_ACCEPT_TARGET_MATCH,TOOLCHAIN_ACCEPT_TARGET_MATCH,TOOLCHAIN_ACCEPT_TARGET_MATCH,True,True,True,True,True
CTX-EXISTS-NAT,CTX-EXISTS-NAT-S0010__FIX__PROHIBITED_PLACEHOLDER,CTX-EXISTS-NAT-S0010,CTX-EXISTS-NAT-S0000,PROHIBITED_PLACEHOLDER,TOOLCHAIN_ACCEPT_POLICY_REJECT,TOOLCHAIN_ACCEPT_POLICY_REJECT,TOOLCHAIN_ACCEPT_TARGET_MATCH,TOOLCHAIN_ACCEPT_TARGET_MATCH,TOOLCHAIN_ACCEPT_TARGET_MATCH,True,True,True,True,True
CTX-EXISTS-NAT,CTX-EXISTS-NAT-S0011__FIX__PROHIBITED_PLACEHOLDER,CTX-EXISTS-NAT-S0011,CTX-EXISTS-NAT-S0001,PROHIBITED_PLACEHOLDER,TOOLCHAIN_ACCEPT_POLICY_REJECT,TOOLCHAIN_ACCEPT_POLICY_REJECT,TOOLCHAIN_ACCEPT_TARGET_MISMATCH,TOOLCHAIN_ACCEPT_TARGET_MISMATCH,TOOLCHAIN_ACCEPT_TARGET_MISMATCH,True,True,True,True,True
CTX-EXISTS-NAT,CTX-EXISTS-NAT-S0011__FIX__WRONG_TARGET,CTX-EXISTS-NAT-S0011,CTX-EXISTS-NAT-S0010,WRONG_TARGET,TOOLCHAIN_ACCEPT_POLICY_REJECT,TOOLCHAIN_ACCEPT_POLICY_REJECT,TOOLCHAIN_ACCEPT_POLICY_REJECT,TOOLCHAIN_ACCEPT_POLICY_REJECT,TOOLCHAIN_ACCEPT_POLICY_REJECT,True,True,False,False,True
CTX-EXISTS-NAT,CTX-EXISTS-NAT-S0100__FIX__INVALID_PROOF,CTX-EXISTS-NAT-S0100,CTX-EXISTS-NAT-S0000,INVALID_PROOF,ENVIRONMENT_OR_ELAB_REJECT,ENVIRONMENT_OR_ELAB_REJECT,TOOLCHAIN_ACCEPT_TARGET_MATCH,TOOLCHAIN_ACCEPT_TARGET_MATCH,TOOLCHAIN_ACCEPT_TARGET_MATCH,True,True,True,True,True
CTX-EXISTS-NAT,CTX-EXISTS-NAT-S0101__FIX__INVALID_PROOF,CTX-EXISTS-NAT-S0101,CTX-EXISTS-NAT-S0001,INVALID_PROOF,ENVIRONMENT_OR_ELAB_REJECT,ENVIRONMENT_OR_ELAB_REJECT,TOOLCHAIN_ACCEPT_TARGET_MISMATCH,TOOLCHAIN_ACCEPT_TARGET_MISMATCH,TOOLCHAIN_ACCEPT_TARGET_MISMATCH,True,True,True,True,True
CTX-EXISTS-NAT,CTX-EXISTS-NAT-S0101__FIX__WRONG_TARGET,CTX-EXISTS-NAT-S0101,CTX-EXISTS-NAT-S0100,WRONG_TARGET,ENVIRONMENT_OR_ELAB_REJECT,ENVIRONMENT_OR_ELAB_REJECT,ENVIRONMENT_OR_ELAB_REJECT,ENVIRONMENT_OR_ELAB_REJECT,ENVIRONMENT_OR_ELAB_REJECT,True,True,False,False,True
CTX-EXISTS-NAT,CTX-EXISTS-NAT-S0110__FIX__INVALID_PROOF,CTX-EXISTS-NAT-S0110,CTX-EXISTS-NAT-S0010,INVALID_PROOF,ENVIRONMENT_OR_ELAB_REJECT,ENVIRONMENT_OR_ELAB_REJECT,TOOLCHAIN_ACCEPT_POLICY_REJECT,TOOLCHAIN_ACCEPT_POLICY_REJECT,TOOLCHAIN_ACCEPT_POLICY_REJECT,True,True,True,True,True
CTX-EXISTS-NAT,CTX-EXISTS-NAT-S0110__FIX__PROHIBITED_PLACEHOLDER,CTX-EXISTS-NAT-S0110,CTX-EXISTS-NAT-S0100,PROHIBITED_PLACEHOLDER,ENVIRONMENT_OR_ELAB_REJECT,ENVIRONMENT_OR_ELAB_REJECT,ENVIRONMENT_OR_ELAB_REJECT,ENVIRONMENT_OR_ELAB_REJECT,ENVIRONMENT_OR_ELAB_REJECT,True,True,False,False,True
CTX-EXISTS-NAT,CTX-EXISTS-NAT-S0111__FIX__INVALID_PROOF,CTX-EXISTS-NAT-S0111,CTX-EXISTS-NAT-S0011,INVALID_PROOF,ENVIRONMENT_OR_ELAB_REJECT,ENVIRONMENT_OR_ELAB_REJECT,TOOLCHAIN_ACCEPT_POLICY_REJECT,TOOLCHAIN_ACCEPT_POLICY_REJECT,TOOLCHAIN_ACCEPT_POLICY_REJECT,True,True,True,True,True
CTX-EXISTS-NAT,CTX-EXISTS-NAT-S0111__FIX__PROHIBITED_PLACEHOLDER,CTX-EXISTS-NAT-S0111,CTX-EXISTS-NAT-S0101,PROHIBITED_PLACEHOLDER,ENVIRONMENT_OR_ELAB_REJECT,ENVIRONMENT_OR_ELAB_REJECT,ENVIRONMENT_OR_ELAB_REJECT,ENVIRONMENT_OR_ELAB_REJECT,ENVIRONMENT_OR_ELAB_REJECT,True,True,False,False,True
CTX-EXISTS-NAT,CTX-EXISTS-NAT-S0111__FIX__WRONG_TARGET,CTX-EXISTS-NAT-S0111,CTX-EXISTS-NAT-S0110,WRONG_TARGET,ENVIRONMENT_OR_ELAB_REJECT,ENVIRONMENT_OR_ELAB_REJECT,ENVIRONMENT_OR_ELAB_REJECT,ENVIRONMENT_OR_ELAB_REJECT,ENVIRONMENT_OR_ELAB_REJECT,True,True,False,False,True
CTX-EXISTS-NAT,CTX-EXISTS-NAT-S1000__FIX__SOURCE_CORRUPTION,CTX-EXISTS-NAT-S1000,CTX-EXISTS-NAT-S0000,SOURCE_CORRUPTION,FRONTEND_REJECT,FRONTEND_REJECT,TOOLCHAIN_ACCEPT_TARGET_MATCH,TOOLCHAIN_ACCEPT_TARGET_MATCH,TOOLCHAIN_ACCEPT_TARGET_MATCH,True,True,True,True,True
CTX-EXISTS-NAT,CTX-EXISTS-NAT-S1001__FIX__SOURCE_CORRUPTION,CTX-EXISTS-NAT-S1001,CTX-EXISTS-NAT-S0001,SOURCE_CORRUPTION,FRONTEND_REJECT,FRONTEND_REJECT,TOOLCHAIN_ACCEPT_TARGET_MISMATCH,TOOLCHAIN_ACCEPT_TARGET_MISMATCH,TOOLCHAIN_ACCEPT_TARGET_MISMATCH,True,True,True,True,True
CTX-EXISTS-NAT,CTX-EXISTS-NAT-S1001__FIX__WRONG_TARGET,CTX-EXISTS-NAT-S1001,CTX-EXISTS-NAT-S1000,WRONG_TARGET,FRONTEND_REJECT,FRONTEND_REJECT,FRONTEND_REJECT,FRONTEND_REJECT,FRONTEND_REJECT,True,True,False,False,True
CTX-EXISTS-NAT,CTX-EXISTS-NAT-S1010__FIX__SOURCE_CORRUPTION,CTX-EXISTS-NAT-S1010,CTX-EXISTS-NAT-S0010,SOURCE_CORRUPTION,FRONTEND_REJECT,FRONTEND_REJECT,TOOLCHAIN_ACCEPT_POLICY_REJECT,TOOLCHAIN_ACCEPT_POLICY_REJECT,TOOLCHAIN_ACCEPT_POLICY_REJECT,True,True,True,True,True
CTX-EXISTS-NAT,CTX-EXISTS-NAT-S1010__FIX__PROHIBITED_PLACEHOLDER,CTX-EXISTS-NAT-S1010,CTX-EXISTS-NAT-S1000,PROHIBITED_PLACEHOLDER,FRONTEND_REJECT,FRONTEND_REJECT,FRONTEND_REJECT,FRONTEND_REJECT,FRONTEND_REJECT,True,True,False,False,True
CTX-EXISTS-NAT,CTX-EXISTS-NAT-S1011__FIX__SOURCE_CORRUPTION,CTX-EXISTS-NAT-S1011,CTX-EXISTS-NAT-S0011,SOURCE_CORRUPTION,FRONTEND_REJECT,FRONTEND_REJECT,TOOLCHAIN_ACCEPT_POLICY_REJECT,TOOLCHAIN_ACCEPT_POLICY_REJECT,TOOLCHAIN_ACCEPT_POLICY_REJECT,True,True,True,True,True
CTX-EXISTS-NAT,CTX-EXISTS-NAT-S1011__FIX__PROHIBITED_PLACEHOLDER,CTX-EXISTS-NAT-S1011,CTX-EXISTS-NAT-S1001,PROHIBITED_PLACEHOLDER,FRONTEND_REJECT,FRONTEND_REJECT,FRONTEND_REJECT,FRONTEND_REJECT,FRONTEND_REJECT,True,True,False,False,True
CTX-EXISTS-NAT,CTX-EXISTS-NAT-S1011__FIX__WRONG_TARGET,CTX-EXISTS-NAT-S1011,CTX-EXISTS-NAT-S1010,WRONG_TARGET,FRONTEND_REJECT,FRONTEND_REJECT,FRONTEND_REJECT,FRONTEND_REJECT,FRONTEND_REJECT,True,True,False,False,True
CTX-EXISTS-NAT,CTX-EXISTS-NAT-S1100__FIX__SOURCE_CORRUPTION,CTX-EXISTS-NAT-S1100,CTX-EXISTS-NAT-S0100,SOURCE_CORRUPTION,FRONTEND_REJECT,FRONTEND_REJECT,ENVIRONMENT_OR_ELAB_REJECT,ENVIRONMENT_OR_ELAB_REJECT,ENVIRONMENT_OR_ELAB_REJECT,True,True,True,True,True
CTX-EXISTS-NAT,CTX-EXISTS-NAT-S1100__FIX__INVALID_PROOF,CTX-EXISTS-NAT-S1100,CTX-EXISTS-NAT-S1000,INVALID_PROOF,FRONTEND_REJECT,FRONTEND_REJECT,FRONTEND_REJECT,FRONTEND_REJECT,FRONTEND_REJECT,True,True,False,False,True
CTX-EXISTS-NAT,CTX-EXISTS-NAT-S1101__FIX__SOURCE_CORRUPTION,CTX-EXISTS-NAT-S1101,CTX-EXISTS-NAT-S0101,SOURCE_CORRUPTION,FRONTEND_REJECT,FRONTEND_REJECT,ENVIRONMENT_OR_ELAB_REJECT,ENVIRONMENT_OR_ELAB_REJECT,ENVIRONMENT_OR_ELAB_REJECT,True,True,True,True,True
CTX-EXISTS-NAT,CTX-EXISTS-NAT-S1101__FIX__INVALID_PROOF,CTX-EXISTS-NAT-S1101,CTX-EXISTS-NAT-S1001,INVALID_PROOF,FRONTEND_REJECT,FRONTEND_REJECT,FRONTEND_REJECT,FRONTEND_REJECT,FRONTEND_REJECT,True,True,False,False,True
CTX-EXISTS-NAT,CTX-EXISTS-NAT-S1101__FIX__WRONG_TARGET,CTX-EXISTS-NAT-S1101,CTX-EXISTS-NAT-S1100,WRONG_TARGET,FRONTEND_REJECT,FRONTEND_REJECT,FRONTEND_REJECT,FRONTEND_REJECT,FRONTEND_REJECT,True,True,False,False,True
CTX-EXISTS-NAT,CTX-EXISTS-NAT-S1110__FIX__SOURCE_CORRUPTION,CTX-EXISTS-NAT-S1110,CTX-EXISTS-NAT-S0110,SOURCE_CORRUPTION,FRONTEND_REJECT,FRONTEND_REJECT,ENVIRONMENT_OR_ELAB_REJECT,ENVIRONMENT_OR_ELAB_REJECT,ENVIRONMENT_OR_ELAB_REJECT,True,True,True,True,True
CTX-EXISTS-NAT,CTX-EXISTS-NAT-S1110__FIX__INVALID_PROOF,CTX-EXISTS-NAT-S1110,CTX-EXISTS-NAT-S1010,INVALID_PROOF,FRONTEND_REJECT,FRONTEND_REJECT,FRONTEND_REJECT,FRONTEND_REJECT,FRONTEND_REJECT,True,True,False,False,True
CTX-EXISTS-NAT,CTX-EXISTS-NAT-S1110__FIX__PROHIBITED_PLACEHOLDER,CTX-EXISTS-NAT-S1110,CTX-EXISTS-NAT-S1100,PROHIBITED_PLACEHOLDER,FRONTEND_REJECT,FRONTEND_REJECT,FRONTEND_REJECT,FRONTEND_REJECT,FRONTEND_REJECT,True,True,False,False,True
CTX-EXISTS-NAT,CTX-EXISTS-NAT-S1111__FIX__SOURCE_CORRUPTION,CTX-EXISTS-NAT-S1111,CTX-EXISTS-NAT-S0111,SOURCE_CORRUPTION,FRONTEND_REJECT,FRONTEND_REJECT,ENVIRONMENT_OR_ELAB_REJECT,ENVIRONMENT_OR_ELAB_REJECT,ENVIRONMENT_OR_ELAB_REJECT,True,True,True,True,True
CTX-EXISTS-NAT,CTX-EXISTS-NAT-S1111__FIX__INVALID_PROOF,CTX-EXISTS-NAT-S1111,CTX-EXISTS-NAT-S1011,INVALID_PROOF,FRONTEND_REJECT,FRONTEND_REJECT,FRONTEND_REJECT,FRONTEND_REJECT,FRONTEND_REJECT,True,True,False,False,True
CTX-EXISTS-NAT,CTX-EXISTS-NAT-S1111__FIX__PROHIBITED_PLACEHOLDER,CTX-EXISTS-NAT-S1111,CTX-EXISTS-NAT-S1101,PROHIBITED_PLACEHOLDER,FRONTEND_REJECT,FRONTEND_REJECT,FRONTEND_REJECT,FRONTEND_REJECT,FRONTEND_REJECT,True,True,False,False,True
CTX-EXISTS-NAT,CTX-EXISTS-NAT-S1111__FIX__WRONG_TARGET,CTX-EXISTS-NAT-S1111,CTX-EXISTS-NAT-S1110,WRONG_TARGET,FRONTEND_REJECT,FRONTEND_REJECT,FRONTEND_REJECT,FRONTEND_REJECT,FRONTEND_REJECT,True,True,False,False,True
CTX-CONJ-REFLEX,CTX-CONJ-REFLEX-S0001__FIX__WRONG_TARGET,CTX-CONJ-REFLEX-S0001,CTX-CONJ-REFLEX-S0000,WRONG_TARGET,TOOLCHAIN_ACCEPT_TARGET_MISMATCH,TOOLCHAIN_ACCEPT_TARGET_MISMATCH,TOOLCHAIN_ACCEPT_TARGET_MATCH,TOOLCHAIN_ACCEPT_TARGET_MATCH,TOOLCHAIN_ACCEPT_TARGET_MATCH,True,True,True,True,True
CTX-CONJ-REFLEX,CTX-CONJ-REFLEX-S0010__FIX__PROHIBITED_PLACEHOLDER,CTX-CONJ-REFLEX-S0010,CTX-CONJ-REFLEX-S0000,PROHIBITED_PLACEHOLDER,TOOLCHAIN_ACCEPT_POLICY_REJECT,TOOLCHAIN_ACCEPT_POLICY_REJECT,TOOLCHAIN_ACCEPT_TARGET_MATCH,TOOLCHAIN_ACCEPT_TARGET_MATCH,TOOLCHAIN_ACCEPT_TARGET_MATCH,True,True,True,True,True
CTX-CONJ-REFLEX,CTX-CONJ-REFLEX-S0011__FIX__PROHIBITED_PLACEHOLDER,CTX-CONJ-REFLEX-S0011,CTX-CONJ-REFLEX-S0001,PROHIBITED_PLACEHOLDER,TOOLCHAIN_ACCEPT_POLICY_REJECT,TOOLCHAIN_ACCEPT_POLICY_REJECT,TOOLCHAIN_ACCEPT_TARGET_MISMATCH,TOOLCHAIN_ACCEPT_TARGET_MISMATCH,TOOLCHAIN_ACCEPT_TARGET_MISMATCH,True,True,True,True,True
CTX-CONJ-REFLEX,CTX-CONJ-REFLEX-S0011__FIX__WRONG_TARGET,CTX-CONJ-REFLEX-S0011,CTX-CONJ-REFLEX-S0010,WRONG_TARGET,TOOLCHAIN_ACCEPT_POLICY_REJECT,TOOLCHAIN_ACCEPT_POLICY_REJECT,TOOLCHAIN_ACCEPT_POLICY_REJECT,TOOLCHAIN_ACCEPT_POLICY_REJECT,TOOLCHAIN_ACCEPT_POLICY_REJECT,True,True,False,False,True
CTX-CONJ-REFLEX,CTX-CONJ-REFLEX-S0100__FIX__INVALID_PROOF,CTX-CONJ-REFLEX-S0100,CTX-CONJ-REFLEX-S0000,INVALID_PROOF,ENVIRONMENT_OR_ELAB_REJECT,ENVIRONMENT_OR_ELAB_REJECT,TOOLCHAIN_ACCEPT_TARGET_MATCH,TOOLCHAIN_ACCEPT_TARGET_MATCH,TOOLCHAIN_ACCEPT_TARGET_MATCH,True,True,True,True,True
CTX-CONJ-REFLEX,CTX-CONJ-REFLEX-S0101__FIX__INVALID_PROOF,CTX-CONJ-REFLEX-S0101,CTX-CONJ-REFLEX-S0001,INVALID_PROOF,ENVIRONMENT_OR_ELAB_REJECT,ENVIRONMENT_OR_ELAB_REJECT,TOOLCHAIN_ACCEPT_TARGET_MISMATCH,TOOLCHAIN_ACCEPT_TARGET_MISMATCH,TOOLCHAIN_ACCEPT_TARGET_MISMATCH,True,True,True,True,True
CTX-CONJ-REFLEX,CTX-CONJ-REFLEX-S0101__FIX__WRONG_TARGET,CTX-CONJ-REFLEX-S0101,CTX-CONJ-REFLEX-S0100,WRONG_TARGET,ENVIRONMENT_OR_ELAB_REJECT,ENVIRONMENT_OR_ELAB_REJECT,ENVIRONMENT_OR_ELAB_REJECT,ENVIRONMENT_OR_ELAB_REJECT,ENVIRONMENT_OR_ELAB_REJECT,True,True,False,False,True
CTX-CONJ-REFLEX,CTX-CONJ-REFLEX-S0110__FIX__INVALID_PROOF,CTX-CONJ-REFLEX-S0110,CTX-CONJ-REFLEX-S0010,INVALID_PROOF,ENVIRONMENT_OR_ELAB_REJECT,ENVIRONMENT_OR_ELAB_REJECT,TOOLCHAIN_ACCEPT_POLICY_REJECT,TOOLCHAIN_ACCEPT_POLICY_REJECT,TOOLCHAIN_ACCEPT_POLICY_REJECT,True,True,True,True,True
CTX-CONJ-REFLEX,CTX-CONJ-REFLEX-S0110__FIX__PROHIBITED_PLACEHOLDER,CTX-CONJ-REFLEX-S0110,CTX-CONJ-REFLEX-S0100,PROHIBITED_PLACEHOLDER,ENVIRONMENT_OR_ELAB_REJECT,ENVIRONMENT_OR_ELAB_REJECT,ENVIRONMENT_OR_ELAB_REJECT,ENVIRONMENT_OR_ELAB_REJECT,ENVIRONMENT_OR_ELAB_REJECT,True,True,False,False,True
CTX-CONJ-REFLEX,CTX-CONJ-REFLEX-S0111__FIX__INVALID_PROOF,CTX-CONJ-REFLEX-S0111,CTX-CONJ-REFLEX-S0011,INVALID_PROOF,ENVIRONMENT_OR_ELAB_REJECT,ENVIRONMENT_OR_ELAB_REJECT,TOOLCHAIN_ACCEPT_POLICY_REJECT,TOOLCHAIN_ACCEPT_POLICY_REJECT,TOOLCHAIN_ACCEPT_POLICY_REJECT,True,True,True,True,True
CTX-CONJ-REFLEX,CTX-CONJ-REFLEX-S0111__FIX__PROHIBITED_PLACEHOLDER,CTX-CONJ-REFLEX-S0111,CTX-CONJ-REFLEX-S0101,PROHIBITED_PLACEHOLDER,ENVIRONMENT_OR_ELAB_REJECT,ENVIRONMENT_OR_ELAB_REJECT,ENVIRONMENT_OR_ELAB_REJECT,ENVIRONMENT_OR_ELAB_REJECT,ENVIRONMENT_OR_ELAB_REJECT,True,True,False,False,True
CTX-CONJ-REFLEX,CTX-CONJ-REFLEX-S0111__FIX__WRONG_TARGET,CTX-CONJ-REFLEX-S0111,CTX-CONJ-REFLEX-S0110,WRONG_TARGET,ENVIRONMENT_OR_ELAB_REJECT,ENVIRONMENT_OR_ELAB_REJECT,ENVIRONMENT_OR_ELAB_REJECT,ENVIRONMENT_OR_ELAB_REJECT,ENVIRONMENT_OR_ELAB_REJECT,True,True,False,False,True
CTX-CONJ-REFLEX,CTX-CONJ-REFLEX-S1000__FIX__SOURCE_CORRUPTION,CTX-CONJ-REFLEX-S1000,CTX-CONJ-REFLEX-S0000,SOURCE_CORRUPTION,FRONTEND_REJECT,FRONTEND_REJECT,TOOLCHAIN_ACCEPT_TARGET_MATCH,TOOLCHAIN_ACCEPT_TARGET_MATCH,TOOLCHAIN_ACCEPT_TARGET_MATCH,True,True,True,True,True
CTX-CONJ-REFLEX,CTX-CONJ-REFLEX-S1001__FIX__SOURCE_CORRUPTION,CTX-CONJ-REFLEX-S1001,CTX-CONJ-REFLEX-S0001,SOURCE_CORRUPTION,FRONTEND_REJECT,FRONTEND_REJECT,TOOLCHAIN_ACCEPT_TARGET_MISMATCH,TOOLCHAIN_ACCEPT_TARGET_MISMATCH,TOOLCHAIN_ACCEPT_TARGET_MISMATCH,True,True,True,True,True
CTX-CONJ-REFLEX,CTX-CONJ-REFLEX-S1001__FIX__WRONG_TARGET,CTX-CONJ-REFLEX-S1001,CTX-CONJ-REFLEX-S1000,WRONG_TARGET,FRONTEND_REJECT,FRONTEND_REJECT,FRONTEND_REJECT,FRONTEND_REJECT,FRONTEND_REJECT,True,True,False,False,True
CTX-CONJ-REFLEX,CTX-CONJ-REFLEX-S1010__FIX__SOURCE_CORRUPTION,CTX-CONJ-REFLEX-S1010,CTX-CONJ-REFLEX-S0010,SOURCE_CORRUPTION,FRONTEND_REJECT,FRONTEND_REJECT,TOOLCHAIN_ACCEPT_POLICY_REJECT,TOOLCHAIN_ACCEPT_POLICY_REJECT,TOOLCHAIN_ACCEPT_POLICY_REJECT,True,True,True,True,True
CTX-CONJ-REFLEX,CTX-CONJ-REFLEX-S1010__FIX__PROHIBITED_PLACEHOLDER,CTX-CONJ-REFLEX-S1010,CTX-CONJ-REFLEX-S1000,PROHIBITED_PLACEHOLDER,FRONTEND_REJECT,FRONTEND_REJECT,FRONTEND_REJECT,FRONTEND_REJECT,FRONTEND_REJECT,True,True,False,False,True
CTX-CONJ-REFLEX,CTX-CONJ-REFLEX-S1011__FIX__SOURCE_CORRUPTION,CTX-CONJ-REFLEX-S1011,CTX-CONJ-REFLEX-S0011,SOURCE_CORRUPTION,FRONTEND_REJECT,FRONTEND_REJECT,TOOLCHAIN_ACCEPT_POLICY_REJECT,TOOLCHAIN_ACCEPT_POLICY_REJECT,TOOLCHAIN_ACCEPT_POLICY_REJECT,True,True,True,True,True
CTX-CONJ-REFLEX,CTX-CONJ-REFLEX-S1011__FIX__PROHIBITED_PLACEHOLDER,CTX-CONJ-REFLEX-S1011,CTX-CONJ-REFLEX-S1001,PROHIBITED_PLACEHOLDER,FRONTEND_REJECT,FRONTEND_REJECT,FRONTEND_REJECT,FRONTEND_REJECT,FRONTEND_REJECT,True,True,False,False,True
CTX-CONJ-REFLEX,CTX-CONJ-REFLEX-S1011__FIX__WRONG_TARGET,CTX-CONJ-REFLEX-S1011,CTX-CONJ-REFLEX-S1010,WRONG_TARGET,FRONTEND_REJECT,FRONTEND_REJECT,FRONTEND_REJECT,FRONTEND_REJECT,FRONTEND_REJECT,True,True,False,False,True
CTX-CONJ-REFLEX,CTX-CONJ-REFLEX-S1100__FIX__SOURCE_CORRUPTION,CTX-CONJ-REFLEX-S1100,CTX-CONJ-REFLEX-S0100,SOURCE_CORRUPTION,FRONTEND_REJECT,FRONTEND_REJECT,ENVIRONMENT_OR_ELAB_REJECT,ENVIRONMENT_OR_ELAB_REJECT,ENVIRONMENT_OR_ELAB_REJECT,True,True,True,True,True
CTX-CONJ-REFLEX,CTX-CONJ-REFLEX-S1100__FIX__INVALID_PROOF,CTX-CONJ-REFLEX-S1100,CTX-CONJ-REFLEX-S1000,INVALID_PROOF,FRONTEND_REJECT,FRONTEND_REJECT,FRONTEND_REJECT,FRONTEND_REJECT,FRONTEND_REJECT,True,True,False,False,True
CTX-CONJ-REFLEX,CTX-CONJ-REFLEX-S1101__FIX__SOURCE_CORRUPTION,CTX-CONJ-REFLEX-S1101,CTX-CONJ-REFLEX-S0101,SOURCE_CORRUPTION,FRONTEND_REJECT,FRONTEND_REJECT,ENVIRONMENT_OR_ELAB_REJECT,ENVIRONMENT_OR_ELAB_REJECT,ENVIRONMENT_OR_ELAB_REJECT,True,True,True,True,True
CTX-CONJ-REFLEX,CTX-CONJ-REFLEX-S1101__FIX__INVALID_PROOF,CTX-CONJ-REFLEX-S1101,CTX-CONJ-REFLEX-S1001,INVALID_PROOF,FRONTEND_REJECT,FRONTEND_REJECT,FRONTEND_REJECT,FRONTEND_REJECT,FRONTEND_REJECT,True,True,False,False,True
CTX-CONJ-REFLEX,CTX-CONJ-REFLEX-S1101__FIX__WRONG_TARGET,CTX-CONJ-REFLEX-S1101,CTX-CONJ-REFLEX-S1100,WRONG_TARGET,FRONTEND_REJECT,FRONTEND_REJECT,FRONTEND_REJECT,FRONTEND_REJECT,FRONTEND_REJECT,True,True,False,False,True
CTX-CONJ-REFLEX,CTX-CONJ-REFLEX-S1110__FIX__SOURCE_CORRUPTION,CTX-CONJ-REFLEX-S1110,CTX-CONJ-REFLEX-S0110,SOURCE_CORRUPTION,FRONTEND_REJECT,FRONTEND_REJECT,ENVIRONMENT_OR_ELAB_REJECT,ENVIRONMENT_OR_ELAB_REJECT,ENVIRONMENT_OR_ELAB_REJECT,True,True,True,True,True
CTX-CONJ-REFLEX,CTX-CONJ-REFLEX-S1110__FIX__INVALID_PROOF,CTX-CONJ-REFLEX-S1110,CTX-CONJ-REFLEX-S1010,INVALID_PROOF,FRONTEND_REJECT,FRONTEND_REJECT,FRONTEND_REJECT,FRONTEND_REJECT,FRONTEND_REJECT,True,True,False,False,True
CTX-CONJ-REFLEX,CTX-CONJ-REFLEX-S1110__FIX__PROHIBITED_PLACEHOLDER,CTX-CONJ-REFLEX-S1110,CTX-CONJ-REFLEX-S1100,PROHIBITED_PLACEHOLDER,FRONTEND_REJECT,FRONTEND_REJECT,FRONTEND_REJECT,FRONTEND_REJECT,FRONTEND_REJECT,True,True,False,False,True
CTX-CONJ-REFLEX,CTX-CONJ-REFLEX-S1111__FIX__SOURCE_CORRUPTION,CTX-CONJ-REFLEX-S1111,CTX-CONJ-REFLEX-S0111,SOURCE_CORRUPTION,FRONTEND_REJECT,FRONTEND_REJECT,ENVIRONMENT_OR_ELAB_REJECT,ENVIRONMENT_OR_ELAB_REJECT,ENVIRONMENT_OR_ELAB_REJECT,True,True,True,True,True
CTX-CONJ-REFLEX,CTX-CONJ-REFLEX-S1111__FIX__INVALID_PROOF,CTX-CONJ-REFLEX-S1111,CTX-CONJ-REFLEX-S1011,INVALID_PROOF,FRONTEND_REJECT,FRONTEND_REJECT,FRONTEND_REJECT,FRONTEND_REJECT,FRONTEND_REJECT,True,True,False,False,True
CTX-CONJ-REFLEX,CTX-CONJ-REFLEX-S1111__FIX__PROHIBITED_PLACEHOLDER,CTX-CONJ-REFLEX-S1111,CTX-CONJ-REFLEX-S1101,PROHIBITED_PLACEHOLDER,FRONTEND_REJECT,FRONTEND_REJECT,FRONTEND_REJECT,FRONTEND_REJECT,FRONTEND_REJECT,True,True,False,False,True
CTX-CONJ-REFLEX,CTX-CONJ-REFLEX-S1111__FIX__WRONG_TARGET,CTX-CONJ-REFLEX-S1111,CTX-CONJ-REFLEX-S1110,WRONG_TARGET,FRONTEND_REJECT,FRONTEND_REJECT,FRONTEND_REJECT,FRONTEND_REJECT,FRONTEND_REJECT,True,True,False,False,True
